{"cameraMode":{"drawMode":0,"name":"Shaded","section":"Shading Mode"},"sceneLighting":true,"audioPlay":false,"sceneViewState":{"showFog":true,"showMaterialUpdate":true,"showSkybox":true,"showFlares":true,"showImageEffects":true,"showParticleSystems":true},"in2DMode":false,"pivot":{"x":405.82647705078127,"y":8.972394943237305,"z":1.2337887287139893},"rotation":{"x":0.11098553985357285,"y":-0.3606276512145996,"z":0.04327564314007759,"w":0.9251419305801392},"size":43.33363342285156,"orthographic":false}