{"cameraMode":{"drawMode":0,"name":"Shaded","section":"Shading Mode"},"sceneLighting":true,"audioPlay":false,"sceneViewState":{"showFog":true,"showMaterialUpdate":true,"showSkybox":true,"showFlares":true,"showImageEffects":true,"showParticleSystems":true},"in2DMode":false,"pivot":{"x":-36.027408599853519,"y":1.733029842376709,"z":0.6625022888183594},"rotation":{"x":0.09376630932092667,"y":0.0003198414633516222,"z":0.00002014260462601669,"w":0.9956397414207459},"size":11.330160140991211,"orthographic":false}