{"cameraMode":{"drawMode":0,"name":"Shaded","section":"Shading Mode"},"sceneLighting":true,"audioPlay":false,"sceneViewState":{"showFog":true,"showMaterialUpdate":true,"showSkybox":true,"showFlares":true,"showImageEffects":true,"showParticleSystems":true},"in2DMode":false,"pivot":{"x":55.12737274169922,"y":2.6286096572875978,"z":-1.5058331489562989},"rotation":{"x":0.14143237471580506,"y":0.009227660484611988,"z":-0.0012878652196377516,"w":0.9899976253509522},"size":0.4276471734046936,"orthographic":false}