{"cameraMode":{"drawMode":0,"name":"Shaded","section":"Shading Mode"},"sceneLighting":false,"audioPlay":false,"sceneViewState":{"showFog":true,"showMaterialUpdate":true,"showSkybox":false,"showFlares":true,"showImageEffects":true,"showParticleSystems":true},"in2DMode":false,"pivot":{"x":35.69075393676758,"y":5.20737361907959,"z":-0.6651288866996765},"rotation":{"x":-0.011562803760170937,"y":0.969573438167572,"z":0.0471888966858387,"w":0.24034097790718079},"size":5.34539270401001,"orthographic":false}