{"cameraMode":{"drawMode":0,"name":"Shaded","section":"Shading Mode"},"sceneLighting":false,"audioPlay":false,"sceneViewState":{"showFog":true,"showMaterialUpdate":true,"showSkybox":false,"showFlares":true,"showImageEffects":true,"showParticleSystems":true},"in2DMode":false,"pivot":{"x":143.9522247314453,"y":4.855000019073486,"z":-0.5058432221412659},"rotation":{"x":0.12411756813526154,"y":-0.12290039658546448,"z":0.01551931630820036,"w":0.9845989346504211},"size":2.289609670639038,"orthographic":false}