{"cameraMode":{"drawMode":0,"name":"Shaded","section":"Shading Mode"},"sceneLighting":false,"audioPlay":false,"sceneViewState":{"showFog":true,"showMaterialUpdate":false,"showSkybox":false,"showFlares":true,"showImageEffects":true,"showParticleSystems":true},"in2DMode":false,"pivot":{"x":288.055908203125,"y":4.246443271636963,"z":-0.4281279444694519},"rotation":{"x":0.21143484115600587,"y":0.14308878779411317,"z":-0.03130652382969856,"w":0.9663667678833008},"size":21.35302734375,"orthographic":false}