{"cameraMode":{"drawMode":0,"name":"Shaded","section":"Shading Mode"},"sceneLighting":true,"audioPlay":false,"sceneViewState":{"showFog":true,"showMaterialUpdate":true,"showSkybox":true,"showFlares":true,"showImageEffects":true,"showParticleSystems":true},"in2DMode":false,"pivot":{"x":708.2650146484375,"y":256.6919250488281,"z":-749.1781005859375},"rotation":{"x":0.0757046565413475,"y":0.10360775142908097,"z":0.007909135892987252,"w":-0.9917021989822388},"size":435.3111877441406,"orthographic":false}