{"cameraMode":{"drawMode":0,"name":"Shaded","section":"Shading Mode"},"sceneLighting":true,"audioPlay":false,"sceneViewState":{"showFog":true,"showMaterialUpdate":true,"showSkybox":true,"showFlares":true,"showImageEffects":true,"showParticleSystems":true},"in2DMode":false,"pivot":{"x":-28.867916107177736,"y":-1.0905095338821412,"z":15.069518089294434},"rotation":{"x":0.1340065747499466,"y":-0.0056295497342944149,"z":0.0007773584220558405,"w":0.9910575747489929},"size":45.198543548583987,"orthographic":false}