{"cameraMode":{"drawMode":0,"name":"Shaded","section":"Shading Mode"},"sceneLighting":true,"audioPlay":false,"sceneViewState":{"showFog":true,"showMaterialUpdate":false,"showSkybox":true,"showFlares":true,"showImageEffects":true,"showParticleSystems":true},"in2DMode":false,"pivot":{"x":-17.070528030395509,"y":0.6255950927734375,"z":-0.4766044616699219},"rotation":{"x":0.1857956498861313,"y":-0.014737958088517189,"z":0.002788444282487035,"w":0.9824917912483215},"size":42.33989715576172,"orthographic":false}