{"cameraMode":{"drawMode":0,"name":"Shaded","section":"Shading Mode"},"sceneLighting":false,"audioPlay":false,"sceneViewState":{"showFog":true,"showMaterialUpdate":true,"showSkybox":false,"showFlares":true,"showImageEffects":true,"showParticleSystems":true},"in2DMode":false,"pivot":{"x":15.05791187286377,"y":1.1203625202178956,"z":-0.902880847454071},"rotation":{"x":0.05482156202197075,"y":-0.6370319128036499,"z":0.04566220939159393,"w":0.7676538825035095},"size":10.422670364379883,"orthographic":false}