{"cameraMode":{"drawMode":0,"name":"Shaded","section":"Shading Mode"},"sceneLighting":true,"audioPlay":false,"sceneViewState":{"showFog":true,"showMaterialUpdate":false,"showSkybox":true,"showFlares":true,"showImageEffects":true,"showParticleSystems":true},"in2DMode":false,"pivot":{"x":-33.41421890258789,"y":1.3361268043518067,"z":1.1645011901855469},"rotation":{"x":-0.030608031898736955,"y":-0.06865023821592331,"z":0.0013458654284477234,"w":-0.9974720478057861},"size":14.517498970031739,"orthographic":false}