{"cameraMode":{"drawMode":0,"name":"Shaded","section":"Shading Mode"},"sceneLighting":false,"audioPlay":false,"sceneViewState":{"showFog":true,"showMaterialUpdate":true,"showSkybox":false,"showFlares":true,"showImageEffects":true,"showParticleSystems":true},"in2DMode":false,"pivot":{"x":-15.693485260009766,"y":0.5691074132919312,"z":0.12298604846000672},"rotation":{"x":0.07857073098421097,"y":0.08248636871576309,"z":-0.006352259311825037,"w":0.9935678839683533},"size":2.6090481281280519,"orthographic":false}