{"cameraMode":{"drawMode":0,"name":"Shaded","section":"Shading Mode"},"sceneLighting":true,"audioPlay":false,"sceneViewState":{"showFog":true,"showMaterialUpdate":false,"showSkybox":true,"showFlares":true,"showImageEffects":true,"showParticleSystems":true},"in2DMode":false,"pivot":{"x":164.7601318359375,"y":5.1763153076171879,"z":8.072460174560547},"rotation":{"x":0.08122949302196503,"y":0.003628069069236517,"z":-0.0002091344358632341,"w":0.9968137741088867},"size":56.48884963989258,"orthographic":false}