{"cameraMode":{"drawMode":0,"name":"Shaded","section":"Shading Mode"},"sceneLighting":true,"audioPlay":false,"sceneViewState":{"showFog":true,"showMaterialUpdate":true,"showSkybox":true,"showFlares":true,"showImageEffects":true,"showParticleSystems":true},"in2DMode":false,"pivot":{"x":-35.15907669067383,"y":3.4291484355926515,"z":0.6272144317626953},"rotation":{"x":0.1324968785047531,"y":-0.016033407300710679,"z":0.0022006023209542038,"w":0.9910969734191895},"size":17.94601821899414,"orthographic":false}