{"cameraMode":{"drawMode":0,"name":"Shaded","section":"Shading Mode"},"sceneLighting":true,"audioPlay":false,"sceneViewState":{"showFog":true,"showMaterialUpdate":true,"showSkybox":true,"showFlares":true,"showImageEffects":true,"showParticleSystems":true},"in2DMode":false,"pivot":{"x":404.31903076171877,"y":4.121327877044678,"z":18.079036712646486},"rotation":{"x":0.11462827771902085,"y":0.021176528185606004,"z":-0.0024234235752373935,"w":0.9932385683059692},"size":39.252044677734378,"orthographic":false}