{"cameraMode":{"drawMode":0,"name":"Shaded","section":"Shading Mode"},"sceneLighting":false,"audioPlay":false,"sceneViewState":{"showFog":true,"showMaterialUpdate":false,"showSkybox":false,"showFlares":true,"showImageEffects":true,"showParticleSystems":true},"in2DMode":false,"pivot":{"x":46.20001220703125,"y":370.1000061035156,"z":0.0},"rotation":{"x":0.07557346671819687,"y":0.004785560537129641,"z":-0.00034500964102335274,"w":0.9974281787872315},"size":86.93819427490235,"orthographic":false}