{"cameraMode":{"drawMode":0,"name":"Shaded","section":"Shading Mode"},"sceneLighting":false,"audioPlay":false,"sceneViewState":{"showFog":true,"showMaterialUpdate":false,"showSkybox":false,"showFlares":true,"showImageEffects":true,"showParticleSystems":true},"in2DMode":false,"pivot":{"x":-10.10252571105957,"y":0.5527867078781128,"z":0.40279436111450198},"rotation":{"x":-0.03226257488131523,"y":0.9610156416893005,"z":-0.12640316784381867,"w":-0.2443825751543045},"size":5.147705554962158,"orthographic":false}