{"cameraMode":{"drawMode":0,"name":"Shaded","section":"Shading Mode"},"sceneLighting":false,"audioPlay":false,"sceneViewState":{"showFog":true,"showMaterialUpdate":false,"showSkybox":false,"showFlares":true,"showImageEffects":true,"showParticleSystems":true},"in2DMode":false,"pivot":{"x":188.4000244140625,"y":5.274518013000488,"z":-6.1632490158081059},"rotation":{"x":0.016808340325951577,"y":-0.008688542991876603,"z":0.00014833107707090676,"w":0.9998297691345215},"size":12.375,"orthographic":false}