{"cameraMode":{"drawMode":0,"name":"Shaded","section":"Shading Mode"},"sceneLighting":false,"audioPlay":false,"sceneViewState":{"showFog":true,"showMaterialUpdate":true,"showSkybox":false,"showFlares":true,"showImageEffects":true,"showParticleSystems":true},"in2DMode":false,"pivot":{"x":182.34613037109376,"y":7.280581951141357,"z":1.158830165863037},"rotation":{"x":0.16364425420761109,"y":0.021062780171632768,"z":-0.0033097087871283294,"w":0.9863895177841187},"size":2.3754653930664064,"orthographic":false}