{"cameraMode":{"drawMode":0,"name":"Shaded","section":"Shading Mode"},"sceneLighting":false,"audioPlay":false,"sceneViewState":{"showFog":true,"showMaterialUpdate":false,"showSkybox":false,"showFlares":true,"showImageEffects":true,"showParticleSystems":true},"in2DMode":false,"pivot":{"x":15.116608619689942,"y":1.2659146785736085,"z":-0.9497734904289246},"rotation":{"x":0.08420826494693756,"y":-0.007478639949113131,"z":0.000659339944832027,"w":0.9964340925216675},"size":4.418966293334961,"orthographic":false}