{"cameraMode":{"drawMode":0,"name":"Shaded","section":"Shading Mode"},"sceneLighting":false,"audioPlay":false,"sceneViewState":{"showFog":true,"showMaterialUpdate":false,"showSkybox":false,"showFlares":true,"showImageEffects":true,"showParticleSystems":true},"in2DMode":false,"pivot":{"x":-15.869999885559082,"y":3.009999990463257,"z":-0.23650190234184266},"rotation":{"x":0.15118122100830079,"y":0.025200551375746728,"z":-0.003828692715615034,"w":0.9881952404975891},"size":1.4204342365264893,"orthographic":false}