{"cameraMode":{"drawMode":0,"name":"Shaded","section":"Shading Mode"},"sceneLighting":false,"audioPlay":false,"sceneViewState":{"showFog":true,"showMaterialUpdate":false,"showSkybox":false,"showFlares":true,"showImageEffects":true,"showParticleSystems":true},"in2DMode":false,"pivot":{"x":21.59469985961914,"y":7.348341941833496,"z":-0.7664644718170166},"rotation":{"x":0.08420826494693756,"y":-0.007478639949113131,"z":0.000659339944832027,"w":0.9964340925216675},"size":5.505488872528076,"orthographic":false}