{"cameraMode":{"drawMode":0,"name":"Shaded","section":"Shading Mode"},"sceneLighting":true,"audioPlay":false,"sceneViewState":{"showFog":true,"showMaterialUpdate":false,"showSkybox":false,"showFlares":true,"showImageEffects":true,"showParticleSystems":true},"in2DMode":false,"pivot":{"x":31.482322692871095,"y":-5.013858795166016,"z":45.683231353759769},"rotation":{"x":0.3468315899372101,"y":0.310525506734848,"z":-0.12288027256727219,"w":0.8764612078666687},"size":171.42591857910157,"orthographic":false}