{"cameraMode":{"drawMode":0,"name":"Shaded","section":"Shading Mode"},"sceneLighting":false,"audioPlay":false,"sceneViewState":{"showFog":true,"showMaterialUpdate":false,"showSkybox":false,"showFlares":true,"showImageEffects":true,"showParticleSystems":true},"in2DMode":false,"pivot":{"x":-15.69489860534668,"y":0.5913575887680054,"z":-0.008579611778259278},"rotation":{"x":0.13935193419456483,"y":0.007421619724482298,"z":-0.0010307192569598556,"w":0.9902238249778748},"size":3.6804096698760988,"orthographic":false}