{"cameraMode":{"drawMode":0,"name":"Shaded","section":"Shading Mode"},"sceneLighting":false,"audioPlay":false,"sceneViewState":{"showFog":true,"showMaterialUpdate":false,"showSkybox":false,"showFlares":true,"showImageEffects":true,"showParticleSystems":true},"in2DMode":false,"pivot":{"x":35.747982025146487,"y":4.4802961349487309,"z":-0.6031171083450317},"rotation":{"x":-0.011647417210042477,"y":-0.08689277619123459,"z":-0.0010020127519965172,"w":0.9961599111557007},"size":11.766579627990723,"orthographic":false}