{"cameraMode":{"drawMode":0,"name":"Shaded","section":"Shading Mode"},"sceneLighting":true,"audioPlay":false,"sceneViewState":{"showFog":true,"showMaterialUpdate":true,"showSkybox":true,"showFlares":true,"showImageEffects":true,"showParticleSystems":true},"in2DMode":false,"pivot":{"x":33.36491012573242,"y":-16.709102630615236,"z":91.27945709228516},"rotation":{"x":0.10479528456926346,"y":0.07812180370092392,"z":-0.0083997817710042,"w":0.9915518760681152},"size":112.88623809814453,"orthographic":false}