{"cameraMode":{"drawMode":0,"name":"Shaded","section":"Shading Mode"},"sceneLighting":true,"audioPlay":false,"sceneViewState":{"showFog":true,"showMaterialUpdate":true,"showSkybox":true,"showFlares":true,"showImageEffects":true,"showParticleSystems":true},"in2DMode":false,"pivot":{"x":16.756267547607423,"y":3.0651698112487795,"z":1.0051212310791016},"rotation":{"x":-0.15371741354465486,"y":-0.3041146993637085,"z":0.049933288246393207,"w":-0.9390053749084473},"size":9.497414588928223,"orthographic":false}