{"cameraMode":{"drawMode":0,"name":"Shaded","section":"Shading Mode"},"sceneLighting":true,"audioPlay":false,"sceneViewState":{"showFog":true,"showMaterialUpdate":true,"showSkybox":true,"showFlares":true,"showImageEffects":true,"showParticleSystems":true},"in2DMode":false,"pivot":{"x":57.830406188964847,"y":9.250885009765625,"z":-13.303287506103516},"rotation":{"x":0.0826803520321846,"y":0.0335264578461647,"z":-0.0028592487797141077,"w":0.9962060451507568},"size":46.810523986816409,"orthographic":false}